var1	var2
1	0.16448163451906328
2	0.7927752446068241
3	0.4770679265023755
4	0.0016659512240425611
5	0.18108648830855079
